{
    "ND": 0.020901230861947548,
    "RMSE": 0.05338830124831119,
    "test_loss": 1.4989510890809208
}