{
    "ND": 0.06937164293730767,
    "RMSE": 0.4716851410798762,
    "test_loss": 4.676530393882779
}