{
    "ND": 0.06437286926780629,
    "RMSE": 0.4658483690484483,
    "test_loss": 10.311746676475993
}